{
  "url": "https://studymelbourne.vic.gov.au/study-with-us/types-of-education/our-universities",
  "requestedUrl": "https://studymelbourne.vic.gov.au/study-with-us/types-of-education/our-universities",
  "timestamp": 1733110580163,
  "ranks": {
    "hundos": 12,
    "performance": 12,
    "accessibility": 10,
    "cumulative": 12
  },
  "lighthouse": {
    "version": "11.7.1",
    "performance": 0.2,
    "accessibility": 0.87,
    "bestPractices": 0.74,
    "seo": 0.92,
    "total": 273
  },
  "firstContentfulPaint": 2602.0634999999997,
  "firstMeaningfulPaint": 3846.9859999999994,
  "speedIndex": 6338.475862156432,
  "largestContentfulPaint": 17446.422000000002,
  "totalBlockingTime": 1088.0000000000005,
  "cumulativeLayoutShift": 0.6746328923316396,
  "timeToInteractive": 17411.4,
  "maxPotentialFirstInputDelay": 275,
  "timeToFirstByte": 43.626,
  "weight": {
    "summary": "100 requests • 3.7 MiB",
    "total": 3837267,
    "image": 1924705,
    "imageCount": 28,
    "script": 1569079,
    "scriptCount": 43,
    "document": 70217,
    "font": 151391,
    "fontCount": 6,
    "stylesheet": 75200,
    "stylesheetCount": 4,
    "thirdParty": 1840166,
    "thirdPartyCount": 14
  },
  "run": {
    "number": 1,
    "total": 1
  },
  "sidequests": {
    "-weight.total": 9,
    "+weight.total": 4,
    "-weight.document": 12,
    "+weight.document": 1,
    "-weight.script": 12,
    "+weight.script": 1,
    "-weight.image": 11,
    "+weight.image": 2,
    "-weight.font": 12,
    "+weight.font": 1,
    "+weight.fontCount": 1,
    "-timeToFirstByte": 4,
    "-totalBlockingTime": 11,
    "-largestContentfulPaint": 12
  },
  "axe": {
    "passes": 1316,
    "violations": 18
  }
}