{
  "url": "https://studymelbourne.vic.gov.au/study-with-us/types-of-education/our-universities",
  "requestedUrl": "https://studymelbourne.vic.gov.au/study-with-us/types-of-education/our-universities",
  "timestamp": 1736145442178,
  "ranks": {
    "hundos": 12,
    "performance": 11,
    "accessibility": 10,
    "cumulative": 12
  },
  "lighthouse": {
    "version": "11.7.1",
    "performance": 0.2,
    "accessibility": 0.87,
    "bestPractices": 0.78,
    "seo": 0.92,
    "total": 277
  },
  "firstContentfulPaint": 2433.786,
  "firstMeaningfulPaint": 3669.9939999999997,
  "speedIndex": 5180.114964252289,
  "largestContentfulPaint": 19387.234500000002,
  "totalBlockingTime": 1434,
  "cumulativeLayoutShift": 0.6286245866061533,
  "timeToInteractive": 18558.430500000002,
  "maxPotentialFirstInputDelay": 495,
  "timeToFirstByte": 32.287000000000006,
  "weight": {
    "summary": "123 requests • 3.8 MiB",
    "total": 3934211,
    "image": 1913178,
    "imageCount": 32,
    "script": 1591813,
    "scriptCount": 49,
    "document": 111524,
    "font": 151396,
    "fontCount": 8,
    "stylesheet": 75393,
    "stylesheetCount": 5,
    "thirdParty": 1935319,
    "thirdPartyCount": 14
  },
  "run": {
    "number": 1,
    "total": 1
  },
  "sidequests": {
    "-weight.total": 9,
    "+weight.total": 4,
    "-weight.document": 12,
    "+weight.document": 1,
    "-weight.script": 12,
    "+weight.script": 1,
    "-weight.image": 11,
    "+weight.image": 2,
    "-weight.font": 12,
    "+weight.font": 1,
    "+weight.fontCount": 1,
    "-timeToFirstByte": 5,
    "-totalBlockingTime": 12,
    "-largestContentfulPaint": 12
  },
  "axe": {
    "passes": 1318,
    "violations": 18
  }
}