{
  "url": "https://studymelbourne.vic.gov.au/study-with-us/types-of-education/our-universities",
  "requestedUrl": "https://studymelbourne.vic.gov.au/study-with-us/types-of-education/our-universities",
  "timestamp": 1734331209975,
  "ranks": {
    "hundos": 10,
    "performance": 9,
    "accessibility": 10,
    "cumulative": 11
  },
  "lighthouse": {
    "version": "11.7.1",
    "performance": 0.38,
    "accessibility": 0.87,
    "bestPractices": 0.78,
    "seo": 0.85,
    "total": 288
  },
  "firstContentfulPaint": 2445.3575,
  "firstMeaningfulPaint": 3552.992,
  "speedIndex": 5401.129323322371,
  "largestContentfulPaint": 16893.984500000002,
  "totalBlockingTime": 1676,
  "cumulativeLayoutShift": 0.10382972454323619,
  "timeToInteractive": 18892.5855,
  "maxPotentialFirstInputDelay": 480,
  "timeToFirstByte": 38.801,
  "weight": {
    "summary": "131 requests • 3.8 MiB",
    "total": 3949939,
    "image": 1914425,
    "imageCount": 32,
    "script": 1599293,
    "scriptCount": 49,
    "document": 112136,
    "font": 151411,
    "fontCount": 8,
    "stylesheet": 75202,
    "stylesheetCount": 5,
    "thirdParty": 1949832,
    "thirdPartyCount": 14
  },
  "run": {
    "number": 1,
    "total": 1
  },
  "sidequests": {
    "-weight.total": 9,
    "+weight.total": 4,
    "-weight.document": 12,
    "+weight.document": 1,
    "-weight.script": 12,
    "+weight.script": 1,
    "-weight.image": 11,
    "+weight.image": 2,
    "-weight.font": 12,
    "+weight.font": 1,
    "+weight.fontCount": 1,
    "-timeToFirstByte": 6,
    "-totalBlockingTime": 11,
    "-largestContentfulPaint": 12
  },
  "axe": {
    "passes": 1318,
    "violations": 18
  }
}