{
  "url": "https://studymelbourne.vic.gov.au/study-with-us/types-of-education/our-universities",
  "requestedUrl": "https://studymelbourne.vic.gov.au/study-with-us/types-of-education/our-universities",
  "timestamp": 1733129975518,
  "ranks": {
    "hundos": 12,
    "performance": 12,
    "accessibility": 10,
    "cumulative": 12
  },
  "lighthouse": {
    "version": "11.7.1",
    "performance": null,
    "accessibility": 0.87,
    "bestPractices": null,
    "seo": 0.92,
    "total": 179
  },
  "timeToFirstByte": 24.154999999999998,
  "weight": {
    "summary": "101 requests • 3.7 MiB",
    "total": 3848501,
    "image": 1924529,
    "imageCount": 28,
    "script": 1580403,
    "scriptCount": 44,
    "document": 70196,
    "font": 151378,
    "fontCount": 6,
    "stylesheet": 75379,
    "stylesheetCount": 4,
    "thirdParty": 0,
    "thirdPartyCount": 0
  },
  "sidequests": {
    "-weight.total": 9,
    "+weight.total": 4,
    "-weight.document": 12,
    "+weight.document": 1,
    "-weight.script": 12,
    "+weight.script": 1,
    "-weight.image": 11,
    "+weight.image": 2,
    "-weight.font": 12,
    "+weight.font": 1,
    "+weight.fontCount": 1,
    "-timeToFirstByte": 1,
    "-totalBlockingTime": 1,
    "-largestContentfulPaint": 1
  },
  "axe": {
    "passes": 1316,
    "violations": 18
  }
}