{
  "url": "https://studymelbourne.vic.gov.au/ke",
  "requestedUrl": "https://studymelbourne.vic.gov.au/ke",
  "timestamp": 1733110452492,
  "ranks": {
    "hundos": 9,
    "performance": 7,
    "accessibility": 8,
    "cumulative": 9
  },
  "lighthouse": {
    "version": "11.7.1",
    "performance": 0.36,
    "accessibility": 0.88,
    "bestPractices": 0.74,
    "seo": 0.85,
    "total": 283
  },
  "firstContentfulPaint": 1937.125,
  "firstMeaningfulPaint": 3470.9456400000004,
  "speedIndex": 6552.798476252865,
  "largestContentfulPaint": 5859.6185000000005,
  "totalBlockingTime": 1201,
  "cumulativeLayoutShift": 0.22820772020314462,
  "timeToInteractive": 11729.726650000002,
  "maxPotentialFirstInputDelay": 727,
  "timeToFirstByte": 49.24100000000001,
  "weight": {
    "summary": "114 requests • 6.5 MiB",
    "total": 6768943,
    "image": 609720,
    "imageCount": 48,
    "script": 1001144,
    "scriptCount": 44,
    "document": 21133,
    "font": 97969,
    "fontCount": 4,
    "stylesheet": 45491,
    "stylesheetCount": 7,
    "thirdParty": 1087756,
    "thirdPartyCount": 14
  },
  "run": {
    "number": 1,
    "total": 1
  },
  "sidequests": {
    "-weight.total": 11,
    "+weight.total": 2,
    "-weight.document": 8,
    "+weight.document": 5,
    "-weight.script": 9,
    "+weight.script": 4,
    "-weight.image": 5,
    "+weight.image": 8,
    "-weight.font": 10,
    "+weight.font": 3,
    "+weight.fontCount": 3,
    "-timeToFirstByte": 7,
    "-totalBlockingTime": 12,
    "-largestContentfulPaint": 5
  },
  "axe": {
    "passes": 1197,
    "violations": 17
  }
}