{
  "url": "https://studymelbourne.vic.gov.au/about-study-melbourne/victorian-international-education-awards",
  "requestedUrl": "https://studymelbourne.vic.gov.au/about-study-melbourne/victorian-international-education-awards",
  "timestamp": 1733110539334,
  "ranks": {
    "hundos": 7,
    "performance": 8,
    "accessibility": 11,
    "cumulative": 7
  },
  "lighthouse": {
    "version": "11.7.1",
    "performance": 0.33,
    "accessibility": 0.87,
    "bestPractices": 0.74,
    "seo": 1,
    "total": 294
  },
  "firstContentfulPaint": 1858.766,
  "firstMeaningfulPaint": 1858.766,
  "speedIndex": 2647.7880335535174,
  "largestContentfulPaint": 8887.704,
  "totalBlockingTime": 642,
  "cumulativeLayoutShift": 1.1292350907126103,
  "timeToInteractive": 8489.766,
  "maxPotentialFirstInputDelay": 250,
  "timeToFirstByte": 35.443,
  "weight": {
    "summary": "71 requests • 1.1 MiB",
    "total": 1152022,
    "image": 334760,
    "imageCount": 20,
    "script": 739301,
    "scriptCount": 38,
    "document": 12019,
    "font": 42782,
    "fontCount": 2,
    "stylesheet": 20584,
    "stylesheetCount": 2,
    "thirdParty": 635067,
    "thirdPartyCount": 11
  },
  "run": {
    "number": 1,
    "total": 1
  },
  "sidequests": {
    "-weight.total": 2,
    "+weight.total": 11,
    "-weight.document": 1,
    "+weight.document": 12,
    "-weight.script": 2,
    "+weight.script": 11,
    "-weight.image": 2,
    "+weight.image": 11,
    "-weight.font": 4,
    "+weight.font": 9,
    "+weight.fontCount": 5,
    "-timeToFirstByte": 3,
    "-totalBlockingTime": 7,
    "-largestContentfulPaint": 9
  },
  "axe": {
    "passes": 633,
    "violations": 19
  }
}