{
  "url": "https://studymelbourne.vic.gov.au/about-study-melbourne/victorian-international-education-awards",
  "requestedUrl": "https://studymelbourne.vic.gov.au/about-study-melbourne/victorian-international-education-awards",
  "timestamp": 1733129937270,
  "ranks": {
    "hundos": 8,
    "performance": 9,
    "accessibility": 11,
    "cumulative": 8
  },
  "lighthouse": {
    "version": "11.7.1",
    "performance": 0.31,
    "accessibility": 0.87,
    "bestPractices": 0.74,
    "seo": 1,
    "total": 292
  },
  "firstContentfulPaint": 1831.606,
  "firstMeaningfulPaint": 1831.606,
  "speedIndex": 2259.5905086687626,
  "largestContentfulPaint": 8152.6810000000005,
  "totalBlockingTime": 752.5,
  "cumulativeLayoutShift": 1.147037661115971,
  "timeToInteractive": 8200.372,
  "maxPotentialFirstInputDelay": 275,
  "timeToFirstByte": 31.585,
  "weight": {
    "summary": "70 requests • 1.1 MiB",
    "total": 1151824,
    "image": 334793,
    "imageCount": 20,
    "script": 739280,
    "scriptCount": 38,
    "document": 12056,
    "font": 42749,
    "fontCount": 2,
    "stylesheet": 20607,
    "stylesheetCount": 2,
    "thirdParty": 634828,
    "thirdPartyCount": 11
  },
  "run": {
    "number": 1,
    "total": 1
  },
  "sidequests": {
    "-weight.total": 2,
    "+weight.total": 11,
    "-weight.document": 1,
    "+weight.document": 12,
    "-weight.script": 3,
    "+weight.script": 10,
    "-weight.image": 2,
    "+weight.image": 11,
    "-weight.font": 3,
    "+weight.font": 10,
    "+weight.fontCount": 5,
    "-timeToFirstByte": 4,
    "-totalBlockingTime": 5,
    "-largestContentfulPaint": 7
  },
  "axe": {
    "passes": 633,
    "violations": 19
  }
}