{
  "url": "https://studymelbourne.vic.gov.au/about-study-melbourne/victorian-international-education-awards",
  "requestedUrl": "https://studymelbourne.vic.gov.au/about-study-melbourne/victorian-international-education-awards",
  "timestamp": 1735540565260,
  "ranks": {
    "hundos": 8,
    "performance": 9,
    "accessibility": 11,
    "cumulative": 8
  },
  "lighthouse": {
    "version": "11.7.1",
    "performance": 0.37,
    "accessibility": 0.87,
    "bestPractices": 0.78,
    "seo": 0.92,
    "total": 294
  },
  "firstContentfulPaint": 1830.3490000000002,
  "firstMeaningfulPaint": 1830.3490000000002,
  "speedIndex": 3089.296939089185,
  "largestContentfulPaint": 9047.018,
  "totalBlockingTime": 453,
  "cumulativeLayoutShift": 1.1340463792337254,
  "timeToInteractive": 8473.349,
  "maxPotentialFirstInputDelay": 201,
  "timeToFirstByte": 35.476,
  "weight": {
    "summary": "73 requests • 1.1 MiB",
    "total": 1169903,
    "image": 335759,
    "imageCount": 20,
    "script": 755459,
    "scriptCount": 41,
    "document": 12193,
    "font": 42811,
    "fontCount": 2,
    "stylesheet": 20630,
    "stylesheetCount": 2,
    "thirdParty": 650962,
    "thirdPartyCount": 12
  },
  "run": {
    "number": 1,
    "total": 1
  },
  "sidequests": {
    "-weight.total": 3,
    "+weight.total": 10,
    "-weight.document": 1,
    "+weight.document": 12,
    "-weight.script": 4,
    "+weight.script": 9,
    "-weight.image": 3,
    "+weight.image": 10,
    "-weight.font": 1,
    "+weight.font": 11,
    "+weight.fontCount": 7,
    "-timeToFirstByte": 8,
    "-totalBlockingTime": 3,
    "-largestContentfulPaint": 8
  },
  "axe": {
    "passes": 635,
    "violations": 19
  }
}