{
  "url": "https://studymelbourne.vic.gov.au/about-study-melbourne",
  "requestedUrl": "https://studymelbourne.vic.gov.au/about-study-melbourne",
  "timestamp": 1733121479464,
  "ranks": {
    "hundos": 8,
    "performance": 10,
    "accessibility": 2,
    "cumulative": 8
  },
  "lighthouse": {
    "version": "11.7.1",
    "performance": 0.31,
    "accessibility": 0.91,
    "bestPractices": 0.74,
    "seo": 1,
    "total": 296
  },
  "firstContentfulPaint": 1951.8719999999998,
  "firstMeaningfulPaint": 1951.8719999999998,
  "speedIndex": 3804.631437477391,
  "largestContentfulPaint": 8812.368999999999,
  "totalBlockingTime": 673,
  "cumulativeLayoutShift": 1.0205190649846534,
  "timeToInteractive": 8490.372000000001,
  "maxPotentialFirstInputDelay": 272,
  "timeToFirstByte": 28.574999999999996,
  "weight": {
    "summary": "77 requests • 2.4 MiB",
    "total": 2516601,
    "image": 1700385,
    "imageCount": 28,
    "script": 738158,
    "scriptCount": 37,
    "document": 12433,
    "font": 42754,
    "fontCount": 2,
    "stylesheet": 20291,
    "stylesheetCount": 1,
    "thirdParty": 635394,
    "thirdPartyCount": 11
  },
  "run": {
    "number": 1,
    "total": 1
  },
  "sidequests": {
    "-weight.total": 6,
    "+weight.total": 7,
    "-weight.document": 2,
    "+weight.document": 11,
    "-weight.script": 1,
    "+weight.script": 12,
    "-weight.image": 10,
    "+weight.image": 3,
    "-weight.font": 2,
    "+weight.font": 10,
    "+weight.fontCount": 5,
    "-timeToFirstByte": 3,
    "-totalBlockingTime": 6,
    "-largestContentfulPaint": 9
  },
  "axe": {
    "passes": 555,
    "violations": 11
  }
}