{
  "url": "https://studymelbourne.vic.gov.au/about-study-melbourne",
  "requestedUrl": "https://studymelbourne.vic.gov.au/about-study-melbourne",
  "timestamp": 1733129876478,
  "ranks": {
    "hundos": 5,
    "performance": 8,
    "accessibility": 2,
    "cumulative": 5
  },
  "lighthouse": {
    "version": "11.7.1",
    "performance": 0.32,
    "accessibility": 0.91,
    "bestPractices": 0.74,
    "seo": 1,
    "total": 297
  },
  "firstContentfulPaint": 1840.304,
  "firstMeaningfulPaint": 1840.304,
  "speedIndex": 3817.283918948292,
  "largestContentfulPaint": 9340.304,
  "totalBlockingTime": 632.3359999999993,
  "cumulativeLayoutShift": 1.6920203640550582,
  "timeToInteractive": 8429.304,
  "maxPotentialFirstInputDelay": 210,
  "timeToFirstByte": 31.470000000000002,
  "weight": {
    "summary": "76 requests • 2.4 MiB",
    "total": 2516462,
    "image": 1700436,
    "imageCount": 28,
    "script": 738091,
    "scriptCount": 37,
    "document": 12408,
    "font": 42747,
    "fontCount": 2,
    "stylesheet": 20286,
    "stylesheetCount": 1,
    "thirdParty": 635237,
    "thirdPartyCount": 11
  },
  "run": {
    "number": 1,
    "total": 1
  },
  "sidequests": {
    "-weight.total": 6,
    "+weight.total": 7,
    "-weight.document": 2,
    "+weight.document": 11,
    "-weight.script": 1,
    "+weight.script": 12,
    "-weight.image": 10,
    "+weight.image": 3,
    "-weight.font": 2,
    "+weight.font": 11,
    "+weight.fontCount": 5,
    "-timeToFirstByte": 3,
    "-totalBlockingTime": 3,
    "-largestContentfulPaint": 9
  },
  "axe": {
    "passes": 555,
    "violations": 11
  }
}