{
  "url": "https://studymelbourne.vic.gov.au/our-study-hubs/study-melbourne-hub-victoria",
  "requestedUrl": "https://studymelbourne.vic.gov.au/our-study-hubs/study-melbourne-hub-victoria",
  "timestamp": 1735540527776,
  "ranks": {
    "hundos": 3,
    "performance": 3,
    "accessibility": 1,
    "cumulative": 3
  },
  "lighthouse": {
    "version": "11.7.1",
    "performance": 0.56,
    "accessibility": 0.93,
    "bestPractices": 0.74,
    "seo": 0.92,
    "total": 315
  },
  "firstContentfulPaint": 1846.809,
  "firstMeaningfulPaint": 1846.809,
  "speedIndex": 3514.712366758525,
  "largestContentfulPaint": 2824.8574999999996,
  "totalBlockingTime": 513.5000000000005,
  "cumulativeLayoutShift": 0.8578809960661156,
  "timeToInteractive": 8479.333250000001,
  "maxPotentialFirstInputDelay": 182,
  "timeToFirstByte": 31.950000000000003,
  "weight": {
    "summary": "77 requests • 1.8 MiB",
    "total": 1895184,
    "image": 1020580,
    "imageCount": 20,
    "script": 765393,
    "scriptCount": 41,
    "document": 21114,
    "font": 64879,
    "fontCount": 5,
    "stylesheet": 20323,
    "stylesheetCount": 2,
    "thirdParty": 661288,
    "thirdPartyCount": 13
  },
  "run": {
    "number": 1,
    "total": 1
  },
  "sidequests": {
    "-weight.total": 4,
    "+weight.total": 9,
    "-weight.document": 9,
    "+weight.document": 4,
    "-weight.script": 5,
    "+weight.script": 8,
    "-weight.image": 7,
    "+weight.image": 6,
    "-weight.font": 7,
    "+weight.font": 5,
    "+weight.fontCount": 4,
    "-timeToFirstByte": 4,
    "-totalBlockingTime": 6,
    "-largestContentfulPaint": 1
  },
  "axe": {
    "passes": 727,
    "violations": 10
  }
}