{
  "url": "https://studymelbourne.vic.gov.au/our-study-hubs/study-melbourne-hub-victoria",
  "requestedUrl": "https://studymelbourne.vic.gov.au/our-study-hubs/study-melbourne-hub-victoria",
  "timestamp": 1733129901926,
  "ranks": {
    "hundos": 3,
    "performance": 4,
    "accessibility": 1,
    "cumulative": 3
  },
  "lighthouse": {
    "version": "11.7.1",
    "performance": 0.51,
    "accessibility": 0.93,
    "bestPractices": 0.74,
    "seo": 0.92,
    "total": 310
  },
  "firstContentfulPaint": 1387.8764999999999,
  "firstMeaningfulPaint": 1387.8764999999999,
  "speedIndex": 2867.8193903378324,
  "largestContentfulPaint": 3187.8765,
  "totalBlockingTime": 776,
  "cumulativeLayoutShift": 0.6397287399032123,
  "timeToInteractive": 8379.84925,
  "maxPotentialFirstInputDelay": 281,
  "timeToFirstByte": 39.870999999999995,
  "weight": {
    "summary": "74 requests • 1.8 MiB",
    "total": 1895563,
    "image": 1048337,
    "imageCount": 20,
    "script": 738692,
    "scriptCount": 38,
    "document": 20849,
    "font": 64763,
    "fontCount": 5,
    "stylesheet": 20270,
    "stylesheetCount": 2,
    "thirdParty": 634956,
    "thirdPartyCount": 11
  },
  "run": {
    "number": 1,
    "total": 1
  },
  "sidequests": {
    "-weight.total": 4,
    "+weight.total": 9,
    "-weight.document": 7,
    "+weight.document": 6,
    "-weight.script": 2,
    "+weight.script": 11,
    "-weight.image": 6,
    "+weight.image": 7,
    "-weight.font": 6,
    "+weight.font": 7,
    "+weight.fontCount": 2,
    "-timeToFirstByte": 11,
    "-totalBlockingTime": 7,
    "-largestContentfulPaint": 2
  },
  "axe": {
    "passes": 724,
    "violations": 10
  }
}