{
  "url": "https://studymelbourne.vic.gov.au/our-study-hubs/study-melbourne-hub-victoria",
  "requestedUrl": "https://studymelbourne.vic.gov.au/our-study-hubs/study-melbourne-hub-victoria",
  "timestamp": 1736145362525,
  "ranks": {
    "hundos": 2,
    "performance": 2,
    "accessibility": 1,
    "cumulative": 2
  },
  "lighthouse": {
    "version": "11.7.1",
    "performance": 0.67,
    "accessibility": 0.93,
    "bestPractices": 0.74,
    "seo": 0.92,
    "total": 326
  },
  "firstContentfulPaint": 1387.345,
  "firstMeaningfulPaint": 1387.345,
  "speedIndex": 2856.2541157893006,
  "largestContentfulPaint": 2062.345,
  "totalBlockingTime": 389.09024999999974,
  "cumulativeLayoutShift": 0.5954302090391116,
  "timeToInteractive": 8934.201250000002,
  "maxPotentialFirstInputDelay": 218,
  "timeToFirstByte": 37.114999999999995,
  "weight": {
    "summary": "76 requests • 1.8 MiB",
    "total": 1883285,
    "image": 1021909,
    "imageCount": 20,
    "script": 752440,
    "scriptCount": 40,
    "document": 20815,
    "font": 64872,
    "fontCount": 5,
    "stylesheet": 20351,
    "stylesheetCount": 2,
    "thirdParty": 648287,
    "thirdPartyCount": 12
  },
  "run": {
    "number": 1,
    "total": 1
  },
  "sidequests": {
    "-weight.total": 4,
    "+weight.total": 9,
    "-weight.document": 7,
    "+weight.document": 6,
    "-weight.script": 4,
    "+weight.script": 9,
    "-weight.image": 7,
    "+weight.image": 6,
    "-weight.font": 6,
    "+weight.font": 7,
    "+weight.fontCount": 4,
    "-timeToFirstByte": 10,
    "-totalBlockingTime": 1,
    "-largestContentfulPaint": 1
  },
  "axe": {
    "passes": 727,
    "violations": 10
  }
}