{
  "url": "https://studymelbourne.vic.gov.au/our-study-hubs/study-melbourne-hub-victoria",
  "requestedUrl": "https://studymelbourne.vic.gov.au/our-study-hubs/study-melbourne-hub-victoria",
  "timestamp": 1734935750661,
  "ranks": {
    "hundos": 12,
    "performance": 12,
    "accessibility": 1,
    "cumulative": 12
  },
  "lighthouse": {
    "version": "11.7.1",
    "performance": null,
    "accessibility": 0.93,
    "bestPractices": null,
    "seo": 0.92,
    "total": 185
  },
  "timeToFirstByte": 34.152,
  "weight": {
    "summary": "84 requests • 1.8 MiB",
    "total": 1887696,
    "image": 1026409,
    "imageCount": 27,
    "script": 752283,
    "scriptCount": 40,
    "document": 20967,
    "font": 64872,
    "fontCount": 5,
    "stylesheet": 20312,
    "stylesheetCount": 2,
    "thirdParty": 0,
    "thirdPartyCount": 0
  },
  "sidequests": {
    "-weight.total": 4,
    "+weight.total": 9,
    "-weight.document": 8,
    "+weight.document": 5,
    "-weight.script": 3,
    "+weight.script": 10,
    "-weight.image": 7,
    "+weight.image": 6,
    "-weight.font": 5,
    "+weight.font": 7,
    "+weight.fontCount": 4,
    "-timeToFirstByte": 9,
    "-totalBlockingTime": 12,
    "-largestContentfulPaint": 12
  },
  "axe": {
    "passes": 727,
    "violations": 10
  }
}