{
  "url": "https://studymelbourne.vic.gov.au/our-study-hubs/study-melbourne-hub-victoria",
  "requestedUrl": "https://studymelbourne.vic.gov.au/our-study-hubs/study-melbourne-hub-victoria",
  "timestamp": 1733110502897,
  "ranks": {
    "hundos": 2,
    "performance": 1,
    "accessibility": 1,
    "cumulative": 2
  },
  "lighthouse": {
    "version": "11.7.1",
    "performance": 0.56,
    "accessibility": 0.93,
    "bestPractices": 0.74,
    "seo": 0.92,
    "total": 315
  },
  "firstContentfulPaint": 2155.411,
  "firstMeaningfulPaint": 2155.411,
  "speedIndex": 2860.802002282827,
  "largestContentfulPaint": 2846.637,
  "totalBlockingTime": 491.5,
  "cumulativeLayoutShift": 0.9563014091888373,
  "timeToInteractive": 8503.524000000001,
  "maxPotentialFirstInputDelay": 193,
  "timeToFirstByte": 51.980999999999995,
  "weight": {
    "summary": "76 requests • 1.8 MiB",
    "total": 1910177,
    "image": 1048307,
    "imageCount": 20,
    "script": 752695,
    "scriptCount": 39,
    "document": 21167,
    "font": 64767,
    "fontCount": 5,
    "stylesheet": 20354,
    "stylesheetCount": 2,
    "thirdParty": 649174,
    "thirdPartyCount": 12
  },
  "run": {
    "number": 1,
    "total": 1
  },
  "sidequests": {
    "-weight.total": 4,
    "+weight.total": 9,
    "-weight.document": 9,
    "+weight.document": 4,
    "-weight.script": 5,
    "+weight.script": 8,
    "-weight.image": 6,
    "+weight.image": 7,
    "-weight.font": 6,
    "+weight.font": 7,
    "+weight.fontCount": 2,
    "-timeToFirstByte": 8,
    "-totalBlockingTime": 1,
    "-largestContentfulPaint": 1
  },
  "axe": {
    "passes": 724,
    "violations": 10
  }
}