{
  "url": "https://studymelbourne.vic.gov.au/events",
  "requestedUrl": "https://studymelbourne.vic.gov.au/events",
  "timestamp": 1733110527890,
  "ranks": {
    "hundos": 5,
    "performance": 5,
    "accessibility": 12,
    "cumulative": 5
  },
  "lighthouse": {
    "version": "11.7.1",
    "performance": 0.49,
    "accessibility": 0.86,
    "bestPractices": 0.74,
    "seo": 0.92,
    "total": 301
  },
  "firstContentfulPaint": 2383.8942500000003,
  "firstMeaningfulPaint": 2383.8942500000003,
  "speedIndex": 3153.7708168014606,
  "largestContentfulPaint": 6716.616999999999,
  "totalBlockingTime": 663.4999999999991,
  "cumulativeLayoutShift": 0.17130114196988522,
  "timeToInteractive": 8489.158999999998,
  "maxPotentialFirstInputDelay": 299,
  "timeToFirstByte": 74.361,
  "weight": {
    "summary": "68 requests • 1.2 MiB",
    "total": 1231633,
    "image": 401646,
    "imageCount": 24,
    "script": 746690,
    "scriptCount": 33,
    "document": 17852,
    "font": 42781,
    "fontCount": 2,
    "stylesheet": 20320,
    "stylesheetCount": 1,
    "thirdParty": 647334,
    "thirdPartyCount": 12
  },
  "run": {
    "number": 1,
    "total": 1
  },
  "sidequests": {
    "-weight.total": 3,
    "+weight.total": 10,
    "-weight.document": 4,
    "+weight.document": 9,
    "-weight.script": 3,
    "+weight.script": 10,
    "-weight.image": 3,
    "+weight.image": 10,
    "-weight.font": 3,
    "+weight.font": 10,
    "+weight.fontCount": 5,
    "-timeToFirstByte": 12,
    "-totalBlockingTime": 9,
    "-largestContentfulPaint": 6
  },
  "axe": {
    "passes": 828,
    "violations": 13
  }
}