{
  "url": "https://studymelbourne.vic.gov.au/events",
  "requestedUrl": "https://studymelbourne.vic.gov.au/events",
  "timestamp": 1733121530934,
  "ranks": {
    "hundos": 3,
    "performance": 1,
    "accessibility": 12,
    "cumulative": 3
  },
  "lighthouse": {
    "version": "11.7.1",
    "performance": 0.65,
    "accessibility": 0.86,
    "bestPractices": 0.74,
    "seo": 0.85,
    "total": 310
  },
  "firstContentfulPaint": 2148.7995,
  "firstMeaningfulPaint": 2148.7995,
  "speedIndex": 2388.4511575418583,
  "largestContentfulPaint": 4023.7995,
  "totalBlockingTime": 521,
  "cumulativeLayoutShift": 0.16805902883853308,
  "timeToInteractive": 8456.7995,
  "maxPotentialFirstInputDelay": 193,
  "timeToFirstByte": 31.096999999999998,
  "weight": {
    "summary": "68 requests • 1.2 MiB",
    "total": 1231668,
    "image": 401675,
    "imageCount": 24,
    "script": 746718,
    "scriptCount": 33,
    "document": 17854,
    "font": 42782,
    "fontCount": 2,
    "stylesheet": 20296,
    "stylesheetCount": 1,
    "thirdParty": 647279,
    "thirdPartyCount": 12
  },
  "run": {
    "number": 1,
    "total": 1
  },
  "sidequests": {
    "-weight.total": 3,
    "+weight.total": 10,
    "-weight.document": 4,
    "+weight.document": 9,
    "-weight.script": 4,
    "+weight.script": 9,
    "-weight.image": 3,
    "+weight.image": 10,
    "-weight.font": 3,
    "+weight.font": 9,
    "+weight.fontCount": 5,
    "-timeToFirstByte": 4,
    "-totalBlockingTime": 2,
    "-largestContentfulPaint": 4
  },
  "axe": {
    "passes": 828,
    "violations": 13
  }
}