{
  "url": "https://studymelbourne.vic.gov.au/events",
  "requestedUrl": "https://studymelbourne.vic.gov.au/events",
  "timestamp": 1733129926210,
  "ranks": {
    "hundos": 2,
    "performance": 1,
    "accessibility": 12,
    "cumulative": 2
  },
  "lighthouse": {
    "version": "11.7.1",
    "performance": 0.63,
    "accessibility": 0.86,
    "bestPractices": 0.74,
    "seo": 0.92,
    "total": 315
  },
  "firstContentfulPaint": 2131.4225,
  "firstMeaningfulPaint": 2131.4225,
  "speedIndex": 2561.371731549035,
  "largestContentfulPaint": 4231.4225,
  "totalBlockingTime": 512.3265000000001,
  "cumulativeLayoutShift": 0.16714134163938374,
  "timeToInteractive": 8425.422499999999,
  "maxPotentialFirstInputDelay": 201,
  "timeToFirstByte": 34.304,
  "weight": {
    "summary": "68 requests • 1.2 MiB",
    "total": 1231962,
    "image": 401731,
    "imageCount": 24,
    "script": 746946,
    "scriptCount": 33,
    "document": 17872,
    "font": 42744,
    "fontCount": 2,
    "stylesheet": 20326,
    "stylesheetCount": 1,
    "thirdParty": 647525,
    "thirdPartyCount": 12
  },
  "run": {
    "number": 1,
    "total": 1
  },
  "sidequests": {
    "-weight.total": 3,
    "+weight.total": 10,
    "-weight.document": 4,
    "+weight.document": 9,
    "-weight.script": 5,
    "+weight.script": 8,
    "-weight.image": 3,
    "+weight.image": 10,
    "-weight.font": 1,
    "+weight.font": 12,
    "+weight.fontCount": 5,
    "-timeToFirstByte": 6,
    "-totalBlockingTime": 1,
    "-largestContentfulPaint": 5
  },
  "axe": {
    "passes": 828,
    "violations": 13
  }
}