{
  "url": "https://studymelbourne.vic.gov.au/events",
  "requestedUrl": "https://studymelbourne.vic.gov.au/events",
  "timestamp": 1733726376436,
  "ranks": {
    "hundos": 3,
    "performance": 1,
    "accessibility": 12,
    "cumulative": 2
  },
  "lighthouse": {
    "version": "11.7.1",
    "performance": 0.6,
    "accessibility": 0.86,
    "bestPractices": 0.78,
    "seo": 0.92,
    "total": 316
  },
  "firstContentfulPaint": 2134.351,
  "firstMeaningfulPaint": 2134.351,
  "speedIndex": 7381.137471991413,
  "largestContentfulPaint": 4159.351,
  "totalBlockingTime": 369.5,
  "cumulativeLayoutShift": 0.1796620483309892,
  "timeToInteractive": 8438.850999999999,
  "maxPotentialFirstInputDelay": 180,
  "timeToFirstByte": 3704.457,
  "weight": {
    "summary": "66 requests • 1.1 MiB",
    "total": 1162111,
    "image": 329913,
    "imageCount": 22,
    "script": 748836,
    "scriptCount": 33,
    "document": 17520,
    "font": 42846,
    "fontCount": 2,
    "stylesheet": 20342,
    "stylesheetCount": 1,
    "thirdParty": 649302,
    "thirdPartyCount": 12
  },
  "run": {
    "number": 1,
    "total": 1
  },
  "sidequests": {
    "-weight.total": 3,
    "+weight.total": 10,
    "-weight.document": 4,
    "+weight.document": 9,
    "-weight.script": 2,
    "+weight.script": 11,
    "-weight.image": 2,
    "+weight.image": 11,
    "-weight.font": 4,
    "+weight.font": 9,
    "+weight.fontCount": 6,
    "-timeToFirstByte": 7,
    "-totalBlockingTime": 1,
    "-largestContentfulPaint": 5
  },
  "axe": {
    "passes": 762,
    "violations": 13
  }
}