{
  "url": "https://studymelbourne.vic.gov.au/events",
  "requestedUrl": "https://studymelbourne.vic.gov.au/events",
  "timestamp": 1735540553394,
  "ranks": {
    "hundos": 1,
    "performance": 1,
    "accessibility": 12,
    "cumulative": 1
  },
  "lighthouse": {
    "version": "11.7.1",
    "performance": 0.69,
    "accessibility": 0.86,
    "bestPractices": 0.78,
    "seo": 0.92,
    "total": 325
  },
  "firstContentfulPaint": 1883.08875,
  "firstMeaningfulPaint": 1883.08875,
  "speedIndex": 2085.029387818584,
  "largestContentfulPaint": 4020,
  "totalBlockingTime": 432.5,
  "cumulativeLayoutShift": 0.15113077093137126,
  "timeToInteractive": 8533.088749999999,
  "maxPotentialFirstInputDelay": 189,
  "timeToFirstByte": 33.522000000000006,
  "weight": {
    "summary": "67 requests • 1.1 MiB",
    "total": 1164999,
    "image": 334688,
    "imageCount": 22,
    "script": 747804,
    "scriptCount": 34,
    "document": 16606,
    "font": 42825,
    "fontCount": 2,
    "stylesheet": 20342,
    "stylesheetCount": 1,
    "thirdParty": 648286,
    "thirdPartyCount": 12
  },
  "run": {
    "number": 1,
    "total": 1
  },
  "sidequests": {
    "-weight.total": 2,
    "+weight.total": 11,
    "-weight.document": 4,
    "+weight.document": 9,
    "-weight.script": 1,
    "+weight.script": 12,
    "-weight.image": 2,
    "+weight.image": 11,
    "-weight.font": 4,
    "+weight.font": 8,
    "+weight.fontCount": 7,
    "-timeToFirstByte": 7,
    "-totalBlockingTime": 1,
    "-largestContentfulPaint": 2
  },
  "axe": {
    "passes": 767,
    "violations": 13
  }
}