{
  "url": "https://studymelbourne.vic.gov.au/events",
  "requestedUrl": "https://studymelbourne.vic.gov.au/events",
  "timestamp": 1734935776038,
  "ranks": {
    "hundos": 5,
    "performance": 5,
    "accessibility": 12,
    "cumulative": 5
  },
  "lighthouse": {
    "version": "11.7.1",
    "performance": 0.54,
    "accessibility": 0.86,
    "bestPractices": 0.78,
    "seo": 0.85,
    "total": 303
  },
  "firstContentfulPaint": 1860.14275,
  "firstMeaningfulPaint": 1887.14275,
  "speedIndex": 4157.403871576307,
  "largestContentfulPaint": 7668.512500000001,
  "totalBlockingTime": 455.5779999999986,
  "cumulativeLayoutShift": 0.15708356492070288,
  "timeToInteractive": 8478.0835,
  "maxPotentialFirstInputDelay": 180.9999999999991,
  "timeToFirstByte": 36.545,
  "weight": {
    "summary": "70 requests • 1.3 MiB",
    "total": 1311264,
    "image": 479966,
    "imageCount": 25,
    "script": 747824,
    "scriptCount": 34,
    "document": 17429,
    "font": 42814,
    "fontCount": 2,
    "stylesheet": 20286,
    "stylesheetCount": 1,
    "thirdParty": 648415,
    "thirdPartyCount": 12
  },
  "run": {
    "number": 1,
    "total": 1
  },
  "sidequests": {
    "-weight.total": 3,
    "+weight.total": 10,
    "-weight.document": 4,
    "+weight.document": 9,
    "-weight.script": 1,
    "+weight.script": 12,
    "-weight.image": 3,
    "+weight.image": 10,
    "-weight.font": 1,
    "+weight.font": 11,
    "+weight.fontCount": 7,
    "-timeToFirstByte": 11,
    "-totalBlockingTime": 2,
    "-largestContentfulPaint": 6
  },
  "axe": {
    "passes": 800,
    "violations": 13
  }
}