{
  "url": "https://studymelbourne.vic.gov.au/events",
  "requestedUrl": "https://studymelbourne.vic.gov.au/events",
  "timestamp": 1734331149925,
  "ranks": {
    "hundos": 2,
    "performance": 2,
    "accessibility": 12,
    "cumulative": 2
  },
  "lighthouse": {
    "version": "11.7.1",
    "performance": 0.67,
    "accessibility": 0.86,
    "bestPractices": 0.78,
    "seo": 0.92,
    "total": 323
  },
  "firstContentfulPaint": 1394.242,
  "firstMeaningfulPaint": 1394.242,
  "speedIndex": 2516.3507609692,
  "largestContentfulPaint": 4094.242,
  "totalBlockingTime": 501,
  "cumulativeLayoutShift": 0.16338926701049483,
  "timeToInteractive": 8580.1255,
  "maxPotentialFirstInputDelay": 197,
  "timeToFirstByte": 36.398,
  "weight": {
    "summary": "77 requests • 1.2 MiB",
    "total": 1276707,
    "image": 439002,
    "imageCount": 23,
    "script": 748056,
    "scriptCount": 34,
    "document": 17201,
    "font": 42828,
    "fontCount": 2,
    "stylesheet": 20328,
    "stylesheetCount": 1,
    "thirdParty": 655148,
    "thirdPartyCount": 12
  },
  "run": {
    "number": 1,
    "total": 1
  },
  "sidequests": {
    "-weight.total": 3,
    "+weight.total": 10,
    "-weight.document": 4,
    "+weight.document": 9,
    "-weight.script": 1,
    "+weight.script": 12,
    "-weight.image": 3,
    "+weight.image": 10,
    "-weight.font": 4,
    "+weight.font": 9,
    "+weight.fontCount": 6,
    "-timeToFirstByte": 5,
    "-totalBlockingTime": 1,
    "-largestContentfulPaint": 7
  },
  "axe": {
    "passes": 791,
    "violations": 13
  }
}