{
  "url": "https://studymelbourne.vic.gov.au/",
  "requestedUrl": "https://studymelbourne.vic.gov.au/ke",
  "timestamp": 1735540473406,
  "ranks": {
    "hundos": 11,
    "performance": 7,
    "accessibility": 7,
    "cumulative": 11
  },
  "lighthouse": {
    "version": "11.7.1",
    "performance": 0.44,
    "accessibility": 0.88,
    "bestPractices": 0.78,
    "seo": 0.77,
    "total": 287
  },
  "firstContentfulPaint": 2584.6810000000005,
  "firstMeaningfulPaint": 3554.03175,
  "speedIndex": 5615.622040101376,
  "largestContentfulPaint": 5653.22025,
  "totalBlockingTime": 654,
  "cumulativeLayoutShift": 0.210659852830049,
  "timeToInteractive": 10989.6155,
  "maxPotentialFirstInputDelay": 223,
  "timeToFirstByte": 33.413,
  "weight": {
    "summary": "107 requests • 6.8 MiB",
    "total": 7094923,
    "image": 601987,
    "imageCount": 38,
    "script": 1013555,
    "scriptCount": 46,
    "document": 21028,
    "font": 97971,
    "fontCount": 4,
    "stylesheet": 45010,
    "stylesheetCount": 7,
    "thirdParty": 1101249,
    "thirdPartyCount": 15
  },
  "run": {
    "number": 1,
    "total": 1
  },
  "sidequests": {
    "-weight.total": 10,
    "+weight.total": 3,
    "-weight.document": 8,
    "+weight.document": 5,
    "-weight.script": 8,
    "+weight.script": 5,
    "-weight.image": 4,
    "+weight.image": 9,
    "-weight.font": 9,
    "+weight.font": 3,
    "+weight.fontCount": 5,
    "-timeToFirstByte": 6,
    "-totalBlockingTime": 9,
    "-largestContentfulPaint": 7
  },
  "axe": {
    "passes": 1201,
    "violations": 17
  }
}