{
  "url": "https://studymelbourne.vic.gov.au/",
  "requestedUrl": "https://studymelbourne.vic.gov.au/au",
  "timestamp": 1736145296122,
  "ranks": {
    "hundos": 10,
    "performance": 8,
    "accessibility": 7,
    "cumulative": 10
  },
  "lighthouse": {
    "version": "11.7.1",
    "performance": 0.5,
    "accessibility": 0.88,
    "bestPractices": 0.74,
    "seo": 0.77,
    "total": 289
  },
  "firstContentfulPaint": 1841.9605000000001,
  "firstMeaningfulPaint": 4550.628500000001,
  "speedIndex": 8573.318709509107,
  "largestContentfulPaint": 4091.9605,
  "totalBlockingTime": 625.5,
  "cumulativeLayoutShift": 0.22987384488274165,
  "timeToInteractive": 11694.295901901245,
  "maxPotentialFirstInputDelay": 213,
  "timeToFirstByte": 28.903,
  "weight": {
    "summary": "110 requests • 8.1 MiB",
    "total": 8500776,
    "image": 601957,
    "imageCount": 38,
    "script": 1003256,
    "scriptCount": 46,
    "document": 21034,
    "font": 140771,
    "fontCount": 6,
    "stylesheet": 45812,
    "stylesheetCount": 7,
    "thirdParty": 1091130,
    "thirdPartyCount": 15
  },
  "run": {
    "number": 1,
    "total": 1
  },
  "sidequests": {
    "-weight.total": 12,
    "+weight.total": 1,
    "-weight.document": 9,
    "+weight.document": 4,
    "-weight.script": 9,
    "+weight.script": 4,
    "-weight.image": 4,
    "+weight.image": 9,
    "-weight.font": 11,
    "+weight.font": 2,
    "+weight.fontCount": 3,
    "-timeToFirstByte": 2,
    "-totalBlockingTime": 9,
    "-largestContentfulPaint": 3
  },
  "axe": {
    "passes": 1201,
    "violations": 17
  }
}