{
  "url": "https://studymelbourne.vic.gov.au/",
  "requestedUrl": "https://studymelbourne.vic.gov.au/au",
  "timestamp": 1734331054615,
  "ranks": {
    "hundos": 9,
    "performance": 5,
    "accessibility": 7,
    "cumulative": 9
  },
  "lighthouse": {
    "version": "11.7.1",
    "performance": 0.56,
    "accessibility": 0.88,
    "bestPractices": 0.78,
    "seo": 0.77,
    "total": 299
  },
  "firstContentfulPaint": 1993.309,
  "firstMeaningfulPaint": 3343.309,
  "speedIndex": 5535.4102998294475,
  "largestContentfulPaint": 3043.3089999999997,
  "totalBlockingTime": 919,
  "cumulativeLayoutShift": 0.2174449420737971,
  "timeToInteractive": 12181.8265,
  "maxPotentialFirstInputDelay": 251,
  "timeToFirstByte": 29.08,
  "weight": {
    "summary": "119 requests • 6.6 MiB",
    "total": 6902098,
    "image": 721998,
    "imageCount": 39,
    "script": 1014071,
    "scriptCount": 46,
    "document": 21054,
    "font": 140781,
    "fontCount": 6,
    "stylesheet": 45838,
    "stylesheetCount": 7,
    "thirdParty": 1107959,
    "thirdPartyCount": 15
  },
  "run": {
    "number": 1,
    "total": 1
  },
  "sidequests": {
    "-weight.total": 12,
    "+weight.total": 1,
    "-weight.document": 8,
    "+weight.document": 5,
    "-weight.script": 10,
    "+weight.script": 3,
    "-weight.image": 6,
    "+weight.image": 7,
    "-weight.font": 11,
    "+weight.font": 2,
    "+weight.fontCount": 3,
    "-timeToFirstByte": 2,
    "-totalBlockingTime": 10,
    "-largestContentfulPaint": 3
  },
  "axe": {
    "error": "{\"name\":\"TimeoutError\"}"
  }
}