{
  "url": "https://studymelbourne.vic.gov.au/",
  "requestedUrl": "https://studymelbourne.vic.gov.au/au",
  "timestamp": 1734935683336,
  "ranks": {
    "hundos": 9,
    "performance": 4,
    "accessibility": 7,
    "cumulative": 9
  },
  "lighthouse": {
    "version": "11.7.1",
    "performance": 0.58,
    "accessibility": 0.88,
    "bestPractices": 0.74,
    "seo": 0.77,
    "total": 297
  },
  "firstContentfulPaint": 1992.1585,
  "firstMeaningfulPaint": 3642.1584999999995,
  "speedIndex": 6304.651029928019,
  "largestContentfulPaint": 4692.1585000000005,
  "totalBlockingTime": 643.9485000000004,
  "cumulativeLayoutShift": 0.07786499836945196,
  "timeToInteractive": 10938.506,
  "maxPotentialFirstInputDelay": 226,
  "timeToFirstByte": 25.866,
  "weight": {
    "summary": "110 requests • 7.0 MiB",
    "total": 7286716,
    "image": 602012,
    "imageCount": 38,
    "script": 1005146,
    "scriptCount": 46,
    "document": 20960,
    "font": 140761,
    "fontCount": 6,
    "stylesheet": 45058,
    "stylesheetCount": 7,
    "thirdParty": 1092544,
    "thirdPartyCount": 15
  },
  "run": {
    "number": 1,
    "total": 1
  },
  "sidequests": {
    "-weight.total": 12,
    "+weight.total": 1,
    "-weight.document": 7,
    "+weight.document": 6,
    "-weight.script": 10,
    "+weight.script": 3,
    "-weight.image": 5,
    "+weight.image": 8,
    "-weight.font": 10,
    "+weight.font": 2,
    "+weight.fontCount": 3,
    "-timeToFirstByte": 4,
    "-totalBlockingTime": 8,
    "-largestContentfulPaint": 4
  },
  "axe": {
    "passes": 1201,
    "violations": 17
  }
}