{
  "url": "https://studymelbourne.vic.gov.au/au",
  "requestedUrl": "https://studymelbourne.vic.gov.au/au",
  "timestamp": 1733121441096,
  "ranks": {
    "hundos": 10,
    "performance": 9,
    "accessibility": 5,
    "cumulative": 10
  },
  "lighthouse": {
    "version": "11.7.1",
    "performance": 0.37,
    "accessibility": 0.9,
    "bestPractices": 0.74,
    "seo": 0.79,
    "total": 280
  },
  "firstContentfulPaint": 2131.217,
  "firstMeaningfulPaint": 2131.217,
  "speedIndex": 4893.238097955126,
  "largestContentfulPaint": 4531.217000000001,
  "totalBlockingTime": 813.5000000000009,
  "cumulativeLayoutShift": 0.5615763694009136,
  "timeToInteractive": 10183.717,
  "maxPotentialFirstInputDelay": 248,
  "timeToFirstByte": 24.662000000000006,
  "weight": {
    "summary": "96 requests • 20.4 MiB",
    "total": 21376614,
    "image": 1306804,
    "imageCount": 32,
    "script": 956872,
    "scriptCount": 41,
    "document": 18484,
    "font": 66150,
    "fontCount": 4,
    "stylesheet": 41374,
    "stylesheetCount": 5,
    "thirdParty": 14487172,
    "thirdPartyCount": 14
  },
  "run": {
    "number": 1,
    "total": 1
  },
  "sidequests": {
    "-weight.total": 12,
    "+weight.total": 1,
    "-weight.document": 5,
    "+weight.document": 8,
    "-weight.script": 8,
    "+weight.script": 5,
    "-weight.image": 7,
    "+weight.image": 6,
    "-weight.font": 6,
    "+weight.font": 6,
    "+weight.fontCount": 3,
    "-timeToFirstByte": 1,
    "-totalBlockingTime": 8,
    "-largestContentfulPaint": 5
  },
  "axe": {
    "error": "{\"name\":\"TimeoutError\"}"
  }
}