{
  "url": "https://studymelbourne.vic.gov.au/news",
  "requestedUrl": "https://studymelbourne.vic.gov.au/news",
  "timestamp": 1734935763800,
  "ranks": {
    "hundos": 1,
    "performance": 2,
    "accessibility": 9,
    "cumulative": 1
  },
  "lighthouse": {
    "version": "11.7.1",
    "performance": 0.61,
    "accessibility": 0.87,
    "bestPractices": 0.78,
    "seo": 1,
    "total": 326
  },
  "firstContentfulPaint": 1397.879,
  "firstMeaningfulPaint": 1397.879,
  "speedIndex": 1519.22731469688,
  "largestContentfulPaint": 4547.879,
  "totalBlockingTime": 544.5,
  "cumulativeLayoutShift": 0.19435079497799515,
  "timeToInteractive": 8437.378999999999,
  "maxPotentialFirstInputDelay": 189,
  "timeToFirstByte": 24.220000000000002,
  "weight": {
    "summary": "70 requests • 2.7 MiB",
    "total": 2801483,
    "image": 1966728,
    "imageCount": 25,
    "script": 748091,
    "scriptCount": 34,
    "document": 20823,
    "font": 42814,
    "fontCount": 2,
    "stylesheet": 20287,
    "stylesheetCount": 1,
    "thirdParty": 648434,
    "thirdPartyCount": 12
  },
  "run": {
    "number": 1,
    "total": 1
  },
  "sidequests": {
    "-weight.total": 7,
    "+weight.total": 6,
    "-weight.document": 6,
    "+weight.document": 7,
    "-weight.script": 2,
    "+weight.script": 11,
    "-weight.image": 12,
    "+weight.image": 1,
    "-weight.font": 1,
    "+weight.font": 11,
    "+weight.fontCount": 7,
    "-timeToFirstByte": 3,
    "-totalBlockingTime": 5,
    "-largestContentfulPaint": 2
  },
  "axe": {
    "passes": 829,
    "violations": 13
  }
}