{
  "url": "https://studymelbourne.vic.gov.au/news",
  "requestedUrl": "https://studymelbourne.vic.gov.au/news",
  "timestamp": 1733726360888,
  "ranks": {
    "hundos": 5,
    "performance": 7,
    "accessibility": 9,
    "cumulative": 5
  },
  "lighthouse": {
    "version": "11.7.1",
    "performance": 0.44,
    "accessibility": 0.87,
    "bestPractices": 0.78,
    "seo": 1,
    "total": 309
  },
  "firstContentfulPaint": 2138.907,
  "firstMeaningfulPaint": 2169.907,
  "speedIndex": 11948.226248419665,
  "largestContentfulPaint": 4088.907,
  "totalBlockingTime": 740.5,
  "cumulativeLayoutShift": 0.2570991514685604,
  "timeToInteractive": 8308.4965,
  "maxPotentialFirstInputDelay": 253,
  "timeToFirstByte": 7175.108,
  "weight": {
    "summary": "69 requests • 2.7 MiB",
    "total": 2804302,
    "image": 1967843,
    "imageCount": 25,
    "script": 749372,
    "scriptCount": 33,
    "document": 21442,
    "font": 42810,
    "fontCount": 2,
    "stylesheet": 20342,
    "stylesheetCount": 1,
    "thirdParty": 649142,
    "thirdPartyCount": 12
  },
  "run": {
    "number": 1,
    "total": 1
  },
  "sidequests": {
    "-weight.total": 7,
    "+weight.total": 6,
    "-weight.document": 8,
    "+weight.document": 5,
    "-weight.script": 3,
    "+weight.script": 10,
    "-weight.image": 12,
    "+weight.image": 1,
    "-weight.font": 1,
    "+weight.font": 12,
    "+weight.fontCount": 6,
    "-timeToFirstByte": 11,
    "-totalBlockingTime": 9,
    "-largestContentfulPaint": 4
  },
  "axe": {
    "passes": 821,
    "violations": 13
  }
}