{
  "url": "https://studymelbourne.vic.gov.au/news",
  "requestedUrl": "https://studymelbourne.vic.gov.au/news",
  "timestamp": 1734331138410,
  "ranks": {
    "hundos": 1,
    "performance": 1,
    "accessibility": 9,
    "cumulative": 1
  },
  "lighthouse": {
    "version": "11.7.1",
    "performance": 0.71,
    "accessibility": 0.87,
    "bestPractices": 0.78,
    "seo": 1,
    "total": 336
  },
  "firstContentfulPaint": 1394.85,
  "firstMeaningfulPaint": 1394.85,
  "speedIndex": 2011.6988584750584,
  "largestContentfulPaint": 3044.8500000000004,
  "totalBlockingTime": 534.4999999999995,
  "cumulativeLayoutShift": 0.19231748701893547,
  "timeToInteractive": 8618.908249999999,
  "maxPotentialFirstInputDelay": 195,
  "timeToFirstByte": 47.097,
  "weight": {
    "summary": "80 requests • 2.7 MiB",
    "total": 2808989,
    "image": 1968260,
    "imageCount": 25,
    "script": 748321,
    "scriptCount": 34,
    "document": 20365,
    "font": 42810,
    "fontCount": 2,
    "stylesheet": 20331,
    "stylesheetCount": 1,
    "thirdParty": 654707,
    "thirdPartyCount": 12
  },
  "run": {
    "number": 1,
    "total": 1
  },
  "sidequests": {
    "-weight.total": 7,
    "+weight.total": 6,
    "-weight.document": 6,
    "+weight.document": 7,
    "-weight.script": 2,
    "+weight.script": 11,
    "-weight.image": 12,
    "+weight.image": 1,
    "-weight.font": 1,
    "+weight.font": 12,
    "+weight.fontCount": 6,
    "-timeToFirstByte": 7,
    "-totalBlockingTime": 3,
    "-largestContentfulPaint": 4
  },
  "axe": {
    "passes": 820,
    "violations": 13
  }
}