{
  "url": "https://studymelbourne.vic.gov.au/news",
  "requestedUrl": "https://studymelbourne.vic.gov.au/news",
  "timestamp": 1733121518823,
  "ranks": {
    "hundos": 4,
    "performance": 4,
    "accessibility": 9,
    "cumulative": 4
  },
  "lighthouse": {
    "version": "11.7.1",
    "performance": 0.55,
    "accessibility": 0.87,
    "bestPractices": 0.74,
    "seo": 0.92,
    "total": 308
  },
  "firstContentfulPaint": 2134.885,
  "firstMeaningfulPaint": 2134.885,
  "speedIndex": 2134.885,
  "largestContentfulPaint": 3934.8849999999993,
  "totalBlockingTime": 680.4999999999995,
  "cumulativeLayoutShift": 0.2697804968135331,
  "timeToInteractive": 8225.884999999998,
  "maxPotentialFirstInputDelay": 276,
  "timeToFirstByte": 31.58,
  "weight": {
    "summary": "69 requests • 2.7 MiB",
    "total": 2858993,
    "image": 2025401,
    "imageCount": 25,
    "script": 746837,
    "scriptCount": 33,
    "document": 21150,
    "font": 42752,
    "fontCount": 2,
    "stylesheet": 20354,
    "stylesheetCount": 1,
    "thirdParty": 647625,
    "thirdPartyCount": 12
  },
  "run": {
    "number": 1,
    "total": 1
  },
  "sidequests": {
    "-weight.total": 7,
    "+weight.total": 6,
    "-weight.document": 8,
    "+weight.document": 5,
    "-weight.script": 5,
    "+weight.script": 8,
    "-weight.image": 12,
    "+weight.image": 1,
    "-weight.font": 1,
    "+weight.font": 11,
    "+weight.fontCount": 5,
    "-timeToFirstByte": 6,
    "-totalBlockingTime": 7,
    "-largestContentfulPaint": 3
  },
  "axe": {
    "passes": 826,
    "violations": 13
  }
}