{
  "url": "https://studymelbourne.vic.gov.au/news",
  "requestedUrl": "https://studymelbourne.vic.gov.au/news",
  "timestamp": 1735540541740,
  "ranks": {
    "hundos": 2,
    "performance": 2,
    "accessibility": 9,
    "cumulative": 2
  },
  "lighthouse": {
    "version": "11.7.1",
    "performance": 0.62,
    "accessibility": 0.87,
    "bestPractices": 0.78,
    "seo": 0.92,
    "total": 319
  },
  "firstContentfulPaint": 1399.288,
  "firstMeaningfulPaint": 1399.288,
  "speedIndex": 1556.118157231349,
  "largestContentfulPaint": 4174.2880000000005,
  "totalBlockingTime": 522,
  "cumulativeLayoutShift": 0.21377300087936787,
  "timeToInteractive": 8561.4405,
  "maxPotentialFirstInputDelay": 197,
  "timeToFirstByte": 40.71900000000001,
  "weight": {
    "summary": "70 requests • 2.7 MiB",
    "total": 2802146,
    "image": 1967280,
    "imageCount": 25,
    "script": 747940,
    "scriptCount": 34,
    "document": 20770,
    "font": 42814,
    "fontCount": 2,
    "stylesheet": 20282,
    "stylesheetCount": 1,
    "thirdParty": 648760,
    "thirdPartyCount": 12
  },
  "run": {
    "number": 1,
    "total": 1
  },
  "sidequests": {
    "-weight.total": 7,
    "+weight.total": 6,
    "-weight.document": 6,
    "+weight.document": 7,
    "-weight.script": 2,
    "+weight.script": 11,
    "-weight.image": 12,
    "+weight.image": 1,
    "-weight.font": 2,
    "+weight.font": 10,
    "+weight.fontCount": 7,
    "-timeToFirstByte": 10,
    "-totalBlockingTime": 7,
    "-largestContentfulPaint": 5
  },
  "axe": {
    "passes": 826,
    "violations": 13
  }
}