{
  "url": "https://studymelbourne.vic.gov.au/why-melbourne",
  "requestedUrl": "https://studymelbourne.vic.gov.au/why-melbourne",
  "timestamp": 1733121492284,
  "ranks": {
    "hundos": 1,
    "performance": 2,
    "accessibility": 6,
    "cumulative": 1
  },
  "lighthouse": {
    "version": "11.7.1",
    "performance": 0.58,
    "accessibility": 0.89,
    "bestPractices": 0.74,
    "seo": 1,
    "total": 321
  },
  "firstContentfulPaint": 1392.216,
  "firstMeaningfulPaint": 1453.216,
  "speedIndex": 2959.4462251741847,
  "largestContentfulPaint": 2653.2160000000003,
  "totalBlockingTime": 573.5,
  "cumulativeLayoutShift": 0.6707013443596632,
  "timeToInteractive": 8430.216,
  "maxPotentialFirstInputDelay": 206,
  "timeToFirstByte": 34.254000000000005,
  "weight": {
    "summary": "90 requests • 2.3 MiB",
    "total": 2376459,
    "image": 1530195,
    "imageCount": 35,
    "script": 761028,
    "scriptCount": 42,
    "document": 15715,
    "font": 44138,
    "fontCount": 3,
    "stylesheet": 24267,
    "stylesheetCount": 2,
    "thirdParty": 666204,
    "thirdPartyCount": 12
  },
  "run": {
    "number": 1,
    "total": 1
  },
  "sidequests": {
    "-weight.total": 5,
    "+weight.total": 8,
    "-weight.document": 3,
    "+weight.document": 10,
    "-weight.script": 6,
    "+weight.script": 7,
    "-weight.image": 9,
    "+weight.image": 4,
    "-weight.font": 4,
    "+weight.font": 8,
    "+weight.fontCount": 4,
    "-timeToFirstByte": 7,
    "-totalBlockingTime": 5,
    "-largestContentfulPaint": 1
  },
  "axe": {
    "passes": 672,
    "violations": 12
  }
}