{
  "url": "https://studymelbourne.vic.gov.au/why-melbourne",
  "requestedUrl": "https://studymelbourne.vic.gov.au/why-melbourne",
  "timestamp": 1736145348537,
  "ranks": {
    "hundos": 1,
    "performance": 1,
    "accessibility": 5,
    "cumulative": 1
  },
  "lighthouse": {
    "version": "11.7.1",
    "performance": 0.78,
    "accessibility": 0.89,
    "bestPractices": 0.78,
    "seo": 1,
    "total": 345
  },
  "firstContentfulPaint": 1401.549,
  "firstMeaningfulPaint": 1401.549,
  "speedIndex": 3229.213626602439,
  "largestContentfulPaint": 3137.0445,
  "totalBlockingTime": 464,
  "cumulativeLayoutShift": 0.10083512892380948,
  "timeToInteractive": 8822.79675,
  "maxPotentialFirstInputDelay": 194,
  "timeToFirstByte": 34.407,
  "weight": {
    "summary": "92 requests • 2.3 MiB",
    "total": 2393638,
    "image": 1533049,
    "imageCount": 35,
    "script": 774538,
    "scriptCount": 44,
    "document": 15865,
    "font": 44196,
    "fontCount": 3,
    "stylesheet": 24312,
    "stylesheetCount": 2,
    "thirdParty": 679378,
    "thirdPartyCount": 12
  },
  "run": {
    "number": 1,
    "total": 1
  },
  "sidequests": {
    "-weight.total": 5,
    "+weight.total": 8,
    "-weight.document": 3,
    "+weight.document": 10,
    "-weight.script": 6,
    "+weight.script": 7,
    "-weight.image": 9,
    "+weight.image": 4,
    "-weight.font": 5,
    "+weight.font": 8,
    "+weight.fontCount": 6,
    "-timeToFirstByte": 9,
    "-totalBlockingTime": 3,
    "-largestContentfulPaint": 2
  },
  "axe": {
    "passes": 674,
    "violations": 12
  }
}