{
  "url": "https://studymelbourne.vic.gov.au/why-melbourne",
  "requestedUrl": "https://studymelbourne.vic.gov.au/why-melbourne",
  "timestamp": 1733110489465,
  "ranks": {
    "hundos": 1,
    "performance": 3,
    "accessibility": 6,
    "cumulative": 1
  },
  "lighthouse": {
    "version": "11.7.1",
    "performance": 0.54,
    "accessibility": 0.89,
    "bestPractices": 0.74,
    "seo": 1,
    "total": 317
  },
  "firstContentfulPaint": 1410.027,
  "firstMeaningfulPaint": 1410.027,
  "speedIndex": 3259.908699049719,
  "largestContentfulPaint": 3142.3730000000005,
  "totalBlockingTime": 624,
  "cumulativeLayoutShift": 0.6546539360839214,
  "timeToInteractive": 8749.527000000002,
  "maxPotentialFirstInputDelay": 236,
  "timeToFirstByte": 31.833000000000002,
  "weight": {
    "summary": "90 requests • 2.3 MiB",
    "total": 2375916,
    "image": 1530221,
    "imageCount": 35,
    "script": 760670,
    "scriptCount": 42,
    "document": 15665,
    "font": 44132,
    "fontCount": 3,
    "stylesheet": 24266,
    "stylesheetCount": 2,
    "thirdParty": 665569,
    "thirdPartyCount": 12
  },
  "run": {
    "number": 1,
    "total": 1
  },
  "sidequests": {
    "-weight.total": 5,
    "+weight.total": 8,
    "-weight.document": 3,
    "+weight.document": 10,
    "-weight.script": 6,
    "+weight.script": 7,
    "-weight.image": 9,
    "+weight.image": 4,
    "-weight.font": 5,
    "+weight.font": 8,
    "+weight.fontCount": 4,
    "-timeToFirstByte": 1,
    "-totalBlockingTime": 4,
    "-largestContentfulPaint": 2
  },
  "axe": {
    "passes": 672,
    "violations": 12
  }
}