{
  "url": "https://studymelbourne.vic.gov.au/why-melbourne",
  "requestedUrl": "https://studymelbourne.vic.gov.au/why-melbourne",
  "timestamp": 1735540513189,
  "ranks": {
    "hundos": 4,
    "performance": 5,
    "accessibility": 5,
    "cumulative": 4
  },
  "lighthouse": {
    "version": "11.7.1",
    "performance": 0.49,
    "accessibility": 0.89,
    "bestPractices": 0.78,
    "seo": 0.92,
    "total": 308
  },
  "firstContentfulPaint": 1393.729,
  "firstMeaningfulPaint": 1393.729,
  "speedIndex": 2466.726735399912,
  "largestContentfulPaint": 4093.7289999999994,
  "totalBlockingTime": 503,
  "cumulativeLayoutShift": 1.0001472123075321,
  "timeToInteractive": 8531.729000000001,
  "maxPotentialFirstInputDelay": 200,
  "timeToFirstByte": 37.573,
  "weight": {
    "summary": "92 requests • 2.3 MiB",
    "total": 2392483,
    "image": 1532394,
    "imageCount": 35,
    "script": 774353,
    "scriptCount": 44,
    "document": 15871,
    "font": 44227,
    "fontCount": 3,
    "stylesheet": 24296,
    "stylesheetCount": 2,
    "thirdParty": 678992,
    "thirdPartyCount": 12
  },
  "run": {
    "number": 1,
    "total": 1
  },
  "sidequests": {
    "-weight.total": 5,
    "+weight.total": 8,
    "-weight.document": 3,
    "+weight.document": 10,
    "-weight.script": 6,
    "+weight.script": 7,
    "-weight.image": 9,
    "+weight.image": 4,
    "-weight.font": 5,
    "+weight.font": 7,
    "+weight.fontCount": 6,
    "-timeToFirstByte": 9,
    "-totalBlockingTime": 5,
    "-largestContentfulPaint": 4
  },
  "axe": {
    "passes": 674,
    "violations": 12
  }
}