{
  "url": "https://studymelbourne.vic.gov.au/why-melbourne",
  "requestedUrl": "https://studymelbourne.vic.gov.au/why-melbourne",
  "timestamp": 1734331111343,
  "ranks": {
    "hundos": 3,
    "performance": 7,
    "accessibility": 5,
    "cumulative": 3
  },
  "lighthouse": {
    "version": "11.7.1",
    "performance": 0.52,
    "accessibility": 0.89,
    "bestPractices": 0.78,
    "seo": 1,
    "total": 319
  },
  "firstContentfulPaint": 1408.909,
  "firstMeaningfulPaint": 1408.909,
  "speedIndex": 2449.1561452300884,
  "largestContentfulPaint": 3017.8035,
  "totalBlockingTime": 697,
  "cumulativeLayoutShift": 1.0709903339340316,
  "timeToInteractive": 8565.909,
  "maxPotentialFirstInputDelay": 270,
  "timeToFirstByte": 28.008000000000003,
  "weight": {
    "summary": "101 requests • 2.3 MiB",
    "total": 2400923,
    "image": 1532944,
    "imageCount": 35,
    "script": 774729,
    "scriptCount": 44,
    "document": 15866,
    "font": 44226,
    "fontCount": 3,
    "stylesheet": 24272,
    "stylesheetCount": 2,
    "thirdParty": 686666,
    "thirdPartyCount": 12
  },
  "run": {
    "number": 1,
    "total": 1
  },
  "sidequests": {
    "-weight.total": 5,
    "+weight.total": 8,
    "-weight.document": 3,
    "+weight.document": 10,
    "-weight.script": 5,
    "+weight.script": 8,
    "-weight.image": 9,
    "+weight.image": 4,
    "-weight.font": 5,
    "+weight.font": 8,
    "+weight.fontCount": 5,
    "-timeToFirstByte": 1,
    "-totalBlockingTime": 6,
    "-largestContentfulPaint": 2
  },
  "axe": {
    "passes": 674,
    "violations": 12
  }
}