{
  "url": "https://studymelbourne.vic.gov.au/study-with-us/find-a-course",
  "requestedUrl": "https://studymelbourne.vic.gov.au/study-with-us/find-a-course",
  "timestamp": 1734331193908,
  "ranks": {
    "hundos": 8,
    "performance": 10,
    "accessibility": 3,
    "cumulative": 8
  },
  "lighthouse": {
    "version": "11.7.1",
    "performance": 0.33,
    "accessibility": 0.9,
    "bestPractices": 0.78,
    "seo": 1,
    "total": 301
  },
  "firstContentfulPaint": 1401.2,
  "firstMeaningfulPaint": 3911.3184999999994,
  "speedIndex": 3782.286188950453,
  "largestContentfulPaint": 9859.335500000001,
  "totalBlockingTime": 705.1054999999997,
  "cumulativeLayoutShift": 0.6242682762461867,
  "timeToInteractive": 9428.8185,
  "maxPotentialFirstInputDelay": 280,
  "timeToFirstByte": 29.491,
  "weight": {
    "summary": "88 requests • 1.1 MiB",
    "total": 1144482,
    "image": 179280,
    "imageCount": 25,
    "script": 805607,
    "scriptCount": 39,
    "document": 18474,
    "font": 107367,
    "fontCount": 4,
    "stylesheet": 24689,
    "stylesheetCount": 3,
    "thirdParty": 781105,
    "thirdPartyCount": 13
  },
  "run": {
    "number": 1,
    "total": 1
  },
  "sidequests": {
    "-weight.total": 1,
    "+weight.total": 12,
    "-weight.document": 5,
    "+weight.document": 8,
    "-weight.script": 7,
    "+weight.script": 6,
    "-weight.image": 1,
    "+weight.image": 12,
    "-weight.font": 9,
    "+weight.font": 4,
    "+weight.fontCount": 4,
    "-timeToFirstByte": 3,
    "-totalBlockingTime": 7,
    "-largestContentfulPaint": 9
  },
  "axe": {
    "passes": 637,
    "violations": 17
  }
}