{
  "url": "https://studymelbourne.vic.gov.au/study-with-us/find-a-course",
  "requestedUrl": "https://studymelbourne.vic.gov.au/study-with-us/find-a-course",
  "timestamp": 1734935812856,
  "ranks": {
    "hundos": 4,
    "performance": 7,
    "accessibility": 3,
    "cumulative": 4
  },
  "lighthouse": {
    "version": "11.7.1",
    "performance": 0.37,
    "accessibility": 0.9,
    "bestPractices": 0.78,
    "seo": 1,
    "total": 305
  },
  "firstContentfulPaint": 1843.7085000000002,
  "firstMeaningfulPaint": 3473.80036,
  "speedIndex": 4062.6176370841445,
  "largestContentfulPaint": 9836.25964,
  "totalBlockingTime": 490,
  "cumulativeLayoutShift": 0.6260860344446985,
  "timeToInteractive": 9657.917000000001,
  "maxPotentialFirstInputDelay": 201,
  "timeToFirstByte": 28.096999999999998,
  "weight": {
    "summary": "80 requests • 1.1 MiB",
    "total": 1138106,
    "image": 179118,
    "imageCount": 25,
    "script": 805167,
    "scriptCount": 39,
    "document": 18613,
    "font": 107348,
    "fontCount": 4,
    "stylesheet": 24732,
    "stylesheetCount": 3,
    "thirdParty": 774567,
    "thirdPartyCount": 13
  },
  "run": {
    "number": 1,
    "total": 1
  },
  "sidequests": {
    "-weight.total": 1,
    "+weight.total": 12,
    "-weight.document": 5,
    "+weight.document": 8,
    "-weight.script": 7,
    "+weight.script": 6,
    "-weight.image": 1,
    "+weight.image": 12,
    "-weight.font": 8,
    "+weight.font": 4,
    "+weight.fontCount": 5,
    "-timeToFirstByte": 5,
    "-totalBlockingTime": 3,
    "-largestContentfulPaint": 8
  },
  "axe": {
    "passes": 637,
    "violations": 17
  }
}