{
  "url": "https://studymelbourne.vic.gov.au/study-with-us/find-a-course",
  "requestedUrl": "https://studymelbourne.vic.gov.au/study-with-us/find-a-course",
  "timestamp": 1733121567576,
  "ranks": {
    "hundos": 5,
    "performance": 6,
    "accessibility": 3,
    "cumulative": 5
  },
  "lighthouse": {
    "version": "11.7.1",
    "performance": 0.38,
    "accessibility": 0.9,
    "bestPractices": 0.74,
    "seo": 1,
    "total": 302
  },
  "firstContentfulPaint": 2143.1135,
  "firstMeaningfulPaint": 4416.2845,
  "speedIndex": 3844.235065808579,
  "largestContentfulPaint": 9390.99705857849,
  "totalBlockingTime": 483.5,
  "cumulativeLayoutShift": 0.525847863123465,
  "timeToInteractive": 9420.321,
  "maxPotentialFirstInputDelay": 185,
  "timeToFirstByte": 66.458,
  "weight": {
    "summary": "79 requests • 1.1 MiB",
    "total": 1136605,
    "image": 178644,
    "imageCount": 25,
    "script": 804300,
    "scriptCount": 38,
    "document": 18712,
    "font": 107299,
    "fontCount": 4,
    "stylesheet": 24764,
    "stylesheetCount": 3,
    "thirdParty": 773999,
    "thirdPartyCount": 13
  },
  "run": {
    "number": 1,
    "total": 1
  },
  "sidequests": {
    "-weight.total": 1,
    "+weight.total": 12,
    "-weight.document": 6,
    "+weight.document": 7,
    "-weight.script": 7,
    "+weight.script": 6,
    "-weight.image": 1,
    "+weight.image": 12,
    "-weight.font": 9,
    "+weight.font": 3,
    "+weight.fontCount": 3,
    "-timeToFirstByte": 12,
    "-totalBlockingTime": 1,
    "-largestContentfulPaint": 10
  },
  "axe": {
    "passes": 635,
    "violations": 17
  }
}