{
  "url": "https://studymelbourne.vic.gov.au/study-with-us/find-a-course",
  "requestedUrl": "https://studymelbourne.vic.gov.au/study-with-us/find-a-course",
  "timestamp": 1733110565534,
  "ranks": {
    "hundos": 3,
    "performance": 4,
    "accessibility": 3,
    "cumulative": 3
  },
  "lighthouse": {
    "version": "11.7.1",
    "performance": 0.53,
    "accessibility": 0.9,
    "bestPractices": 0.74,
    "seo": 0.92,
    "total": 309
  },
  "firstContentfulPaint": 1851.7265,
  "firstMeaningfulPaint": 3663.7462499999992,
  "speedIndex": 3543.492555333828,
  "largestContentfulPaint": 9339.002,
  "totalBlockingTime": 536.5000000000018,
  "cumulativeLayoutShift": 0.1547498091025719,
  "timeToInteractive": 9451.727558578492,
  "maxPotentialFirstInputDelay": 195.00000000000182,
  "timeToFirstByte": 63.507999999999996,
  "weight": {
    "summary": "78 requests • 1.1 MiB",
    "total": 1136203,
    "image": 178657,
    "imageCount": 25,
    "script": 804377,
    "scriptCount": 38,
    "document": 18784,
    "font": 107296,
    "fontCount": 4,
    "stylesheet": 24747,
    "stylesheetCount": 3,
    "thirdParty": 773624,
    "thirdPartyCount": 13
  },
  "run": {
    "number": 1,
    "total": 1
  },
  "sidequests": {
    "-weight.total": 1,
    "+weight.total": 12,
    "-weight.document": 6,
    "+weight.document": 7,
    "-weight.script": 7,
    "+weight.script": 6,
    "-weight.image": 1,
    "+weight.image": 12,
    "-weight.font": 11,
    "+weight.font": 2,
    "+weight.fontCount": 3,
    "-timeToFirstByte": 9,
    "-totalBlockingTime": 2,
    "-largestContentfulPaint": 10
  },
  "axe": {
    "passes": 635,
    "violations": 17
  }
}