{
  "url": "https://studymelbourne.vic.gov.au/study-with-us/find-a-course",
  "requestedUrl": "https://studymelbourne.vic.gov.au/study-with-us/find-a-course",
  "timestamp": 1733726429377,
  "ranks": {
    "hundos": 2,
    "performance": 3,
    "accessibility": 3,
    "cumulative": 3
  },
  "lighthouse": {
    "version": "11.7.1",
    "performance": 0.56,
    "accessibility": 0.9,
    "bestPractices": 0.78,
    "seo": 0.92,
    "total": 316
  },
  "firstContentfulPaint": 1384.512,
  "firstMeaningfulPaint": 4157.515219999999,
  "speedIndex": 2242.3755172185256,
  "largestContentfulPaint": 8862.887499999997,
  "totalBlockingTime": 738.9491914215073,
  "cumulativeLayoutShift": 0.05451783000809562,
  "timeToInteractive": 9166.196308578492,
  "maxPotentialFirstInputDelay": 360,
  "timeToFirstByte": 29.862,
  "weight": {
    "summary": "77 requests • 1.1 MiB",
    "total": 1125959,
    "image": 178930,
    "imageCount": 25,
    "script": 793983,
    "scriptCount": 37,
    "document": 18480,
    "font": 107322,
    "fontCount": 4,
    "stylesheet": 24743,
    "stylesheetCount": 3,
    "thirdParty": 762461,
    "thirdPartyCount": 12
  },
  "run": {
    "number": 1,
    "total": 1
  },
  "sidequests": {
    "-weight.total": 1,
    "+weight.total": 12,
    "-weight.document": 5,
    "+weight.document": 8,
    "-weight.script": 6,
    "+weight.script": 7,
    "-weight.image": 1,
    "+weight.image": 12,
    "-weight.font": 10,
    "+weight.font": 3,
    "+weight.fontCount": 4,
    "-timeToFirstByte": 4,
    "-totalBlockingTime": 8,
    "-largestContentfulPaint": 9
  },
  "axe": {
    "passes": 635,
    "violations": 17
  }
}