{
  "url": "https://studymelbourne.vic.gov.au/about-study-melbourne/victorian-international-education-awards/2024-student-winners-and-finalists",
  "requestedUrl": "https://studymelbourne.vic.gov.au/about-study-melbourne/victorian-international-education-awards/2024-student-winners-and-finalists",
  "timestamp": 1733110552754,
  "ranks": {
    "hundos": 8,
    "performance": 11,
    "accessibility": 4,
    "cumulative": 8
  },
  "lighthouse": {
    "version": "11.7.1",
    "performance": 0.21,
    "accessibility": 0.9,
    "bestPractices": 0.74,
    "seo": 1,
    "total": 285
  },
  "firstContentfulPaint": 1838.26,
  "firstMeaningfulPaint": 2036.2600000000002,
  "speedIndex": 6282.1004112994215,
  "largestContentfulPaint": 15996.643000000004,
  "totalBlockingTime": 1084.5,
  "cumulativeLayoutShift": 1.1826096629383203,
  "timeToInteractive": 16370.431,
  "maxPotentialFirstInputDelay": 339,
  "timeToFirstByte": 35.085,
  "weight": {
    "summary": "101 requests • 3.1 MiB",
    "total": 3199861,
    "image": 1420056,
    "imageCount": 32,
    "script": 1514269,
    "scriptCount": 41,
    "document": 60319,
    "font": 86957,
    "fontCount": 5,
    "stylesheet": 71242,
    "stylesheetCount": 3,
    "thirdParty": 1651828,
    "thirdPartyCount": 13
  },
  "run": {
    "number": 1,
    "total": 1
  },
  "sidequests": {
    "-weight.total": 8,
    "+weight.total": 5,
    "-weight.document": 11,
    "+weight.document": 2,
    "-weight.script": 11,
    "+weight.script": 2,
    "-weight.image": 8,
    "+weight.image": 5,
    "-weight.font": 8,
    "+weight.font": 5,
    "+weight.fontCount": 2,
    "-timeToFirstByte": 2,
    "-totalBlockingTime": 10,
    "-largestContentfulPaint": 11
  },
  "axe": {
    "passes": 922,
    "violations": 19
  }
}