{
  "url": "https://studymelbourne.vic.gov.au/about-study-melbourne/victorian-international-education-awards/2024-student-winners-and-finalists",
  "requestedUrl": "https://studymelbourne.vic.gov.au/about-study-melbourne/victorian-international-education-awards/2024-student-winners-and-finalists",
  "timestamp": 1733129950036,
  "ranks": {
    "hundos": 10,
    "performance": 11,
    "accessibility": 4,
    "cumulative": 9
  },
  "lighthouse": {
    "version": "11.7.1",
    "performance": 0.23,
    "accessibility": 0.9,
    "bestPractices": 0.74,
    "seo": 1,
    "total": 287
  },
  "firstContentfulPaint": 1835.034,
  "firstMeaningfulPaint": 2011.5240000000001,
  "speedIndex": 6240.469486433732,
  "largestContentfulPaint": 16794.014,
  "totalBlockingTime": 1116.5000000000018,
  "cumulativeLayoutShift": 0.5582576841269735,
  "timeToInteractive": 16260.6505,
  "maxPotentialFirstInputDelay": 302,
  "timeToFirstByte": 34.91,
  "weight": {
    "summary": "100 requests • 3.1 MiB",
    "total": 3200432,
    "image": 1420364,
    "imageCount": 32,
    "script": 1513718,
    "scriptCount": 41,
    "document": 61343,
    "font": 86956,
    "fontCount": 5,
    "stylesheet": 71173,
    "stylesheetCount": 3,
    "thirdParty": 1652075,
    "thirdPartyCount": 13
  },
  "run": {
    "number": 1,
    "total": 1
  },
  "sidequests": {
    "-weight.total": 8,
    "+weight.total": 5,
    "-weight.document": 11,
    "+weight.document": 2,
    "-weight.script": 11,
    "+weight.script": 2,
    "-weight.image": 8,
    "+weight.image": 5,
    "-weight.font": 8,
    "+weight.font": 5,
    "+weight.fontCount": 2,
    "-timeToFirstByte": 7,
    "-totalBlockingTime": 11,
    "-largestContentfulPaint": 11
  },
  "axe": {
    "passes": 922,
    "violations": 19
  }
}