{
  "url": "https://studymelbourne.vic.gov.au/?toggle=intl",
  "requestedUrl": "https://studymelbourne.vic.gov.au/?toggle=intl",
  "timestamp": 1733121467235,
  "ranks": {
    "hundos": 9,
    "performance": 5,
    "accessibility": 7,
    "cumulative": 9
  },
  "lighthouse": {
    "version": "11.7.1",
    "performance": 0.47,
    "accessibility": 0.88,
    "bestPractices": 0.74,
    "seo": 0.83,
    "total": 292
  },
  "firstContentfulPaint": 2510.0460000000003,
  "firstMeaningfulPaint": 3132.1790000000005,
  "speedIndex": 4822.5942570246425,
  "largestContentfulPaint": 4894.010499999999,
  "totalBlockingTime": 851,
  "cumulativeLayoutShift": 0.1933565925237577,
  "timeToInteractive": 10817.697999999999,
  "maxPotentialFirstInputDelay": 384,
  "timeToFirstByte": 31.431,
  "weight": {
    "summary": "106 requests • 6.4 MiB",
    "total": 6704301,
    "image": 601292,
    "imageCount": 38,
    "script": 1003539,
    "scriptCount": 45,
    "document": 21173,
    "font": 97981,
    "fontCount": 4,
    "stylesheet": 45519,
    "stylesheetCount": 7,
    "thirdParty": 1090012,
    "thirdPartyCount": 14
  },
  "run": {
    "number": 1,
    "total": 1
  },
  "sidequests": {
    "-weight.total": 10,
    "+weight.total": 3,
    "-weight.document": 9,
    "+weight.document": 4,
    "-weight.script": 9,
    "+weight.script": 4,
    "-weight.image": 4,
    "+weight.image": 9,
    "-weight.font": 8,
    "+weight.font": 4,
    "+weight.fontCount": 3,
    "-timeToFirstByte": 5,
    "-totalBlockingTime": 10,
    "-largestContentfulPaint": 6
  },
  "axe": {
    "passes": 1199,
    "violations": 17
  }
}