{
  "url": "https://studymelbourne.vic.gov.au/?toggle=intl",
  "requestedUrl": "https://studymelbourne.vic.gov.au/?toggle=intl",
  "timestamp": 1734935710806,
  "ranks": {
    "hundos": 6,
    "performance": 3,
    "accessibility": 8,
    "cumulative": 6
  },
  "lighthouse": {
    "version": "11.7.1",
    "performance": 0.59,
    "accessibility": 0.88,
    "bestPractices": 0.78,
    "seo": 0.77,
    "total": 302
  },
  "firstContentfulPaint": 2164.598,
  "firstMeaningfulPaint": 3091.175,
  "speedIndex": 4838.177910253563,
  "largestContentfulPaint": 4911.9505,
  "totalBlockingTime": 662.0000000000009,
  "cumulativeLayoutShift": 0.0781477050554099,
  "timeToInteractive": 11016.822,
  "maxPotentialFirstInputDelay": 236,
  "timeToFirstByte": 23.247999999999998,
  "weight": {
    "summary": "106 requests • 6.5 MiB",
    "total": 6820973,
    "image": 601832,
    "imageCount": 38,
    "script": 1003262,
    "scriptCount": 46,
    "document": 21413,
    "font": 97960,
    "fontCount": 4,
    "stylesheet": 44775,
    "stylesheetCount": 7,
    "thirdParty": 1090535,
    "thirdPartyCount": 15
  },
  "run": {
    "number": 1,
    "total": 1
  },
  "sidequests": {
    "-weight.total": 10,
    "+weight.total": 3,
    "-weight.document": 10,
    "+weight.document": 3,
    "-weight.script": 9,
    "+weight.script": 4,
    "-weight.image": 4,
    "+weight.image": 9,
    "-weight.font": 7,
    "+weight.font": 5,
    "+weight.fontCount": 5,
    "-timeToFirstByte": 1,
    "-totalBlockingTime": 9,
    "-largestContentfulPaint": 5
  },
  "axe": {
    "passes": 1201,
    "violations": 17
  }
}