{
  "url": "https://studymelbourne.vic.gov.au/?toggle=intl",
  "requestedUrl": "https://studymelbourne.vic.gov.au/?toggle=intl",
  "timestamp": 1733129864218,
  "ranks": {
    "hundos": 7,
    "performance": 5,
    "accessibility": 7,
    "cumulative": 7
  },
  "lighthouse": {
    "version": "11.7.1",
    "performance": 0.5,
    "accessibility": 0.88,
    "bestPractices": 0.74,
    "seo": 0.83,
    "total": 295
  },
  "firstContentfulPaint": 2378.022,
  "firstMeaningfulPaint": 3102.6150000000002,
  "speedIndex": 4919.641461467841,
  "largestContentfulPaint": 3931.0989999999993,
  "totalBlockingTime": 895,
  "cumulativeLayoutShift": 0.22395572449647916,
  "timeToInteractive": 10830.19225,
  "maxPotentialFirstInputDelay": 344,
  "timeToFirstByte": 46.192,
  "weight": {
    "summary": "105 requests • 6.3 MiB",
    "total": 6650577,
    "image": 601210,
    "imageCount": 39,
    "script": 1000979,
    "scriptCount": 44,
    "document": 21314,
    "font": 97955,
    "fontCount": 4,
    "stylesheet": 45533,
    "stylesheetCount": 7,
    "thirdParty": 1087607,
    "thirdPartyCount": 14
  },
  "run": {
    "number": 1,
    "total": 1
  },
  "sidequests": {
    "-weight.total": 10,
    "+weight.total": 3,
    "-weight.document": 9,
    "+weight.document": 4,
    "-weight.script": 9,
    "+weight.script": 4,
    "-weight.image": 4,
    "+weight.image": 9,
    "-weight.font": 9,
    "+weight.font": 4,
    "+weight.fontCount": 3,
    "-timeToFirstByte": 12,
    "-totalBlockingTime": 10,
    "-largestContentfulPaint": 3
  },
  "axe": {
    "passes": 1199,
    "violations": 17
  }
}