{
  "url": "https://studymelbourne.vic.gov.au/?toggle=intl",
  "requestedUrl": "https://studymelbourne.vic.gov.au/?toggle=intl",
  "timestamp": 1735540488314,
  "ranks": {
    "hundos": 7,
    "performance": 6,
    "accessibility": 8,
    "cumulative": 7
  },
  "lighthouse": {
    "version": "11.7.1",
    "performance": 0.46,
    "accessibility": 0.88,
    "bestPractices": 0.78,
    "seo": 0.83,
    "total": 295
  },
  "firstContentfulPaint": 2510.165,
  "firstMeaningfulPaint": 3077.7335,
  "speedIndex": 7549.159538772999,
  "largestContentfulPaint": 4820.772999999999,
  "totalBlockingTime": 641.5,
  "cumulativeLayoutShift": 0.2003369521422001,
  "timeToInteractive": 10937.534500000002,
  "maxPotentialFirstInputDelay": 221,
  "timeToFirstByte": 1815.081,
  "weight": {
    "summary": "107 requests • 7.2 MiB",
    "total": 7520808,
    "image": 721830,
    "imageCount": 39,
    "script": 1013662,
    "scriptCount": 46,
    "document": 21689,
    "font": 97971,
    "fontCount": 4,
    "stylesheet": 44927,
    "stylesheetCount": 7,
    "thirdParty": 1101536,
    "thirdPartyCount": 15
  },
  "run": {
    "number": 1,
    "total": 1
  },
  "sidequests": {
    "-weight.total": 12,
    "+weight.total": 1,
    "-weight.document": 10,
    "+weight.document": 3,
    "-weight.script": 10,
    "+weight.script": 3,
    "-weight.image": 6,
    "+weight.image": 7,
    "-weight.font": 9,
    "+weight.font": 3,
    "+weight.fontCount": 5,
    "-timeToFirstByte": 12,
    "-totalBlockingTime": 8,
    "-largestContentfulPaint": 6
  },
  "axe": {
    "passes": 1201,
    "violations": 17
  }
}