{
  "url": "https://studymelbourne.vic.gov.au/?toggle=intl",
  "requestedUrl": "https://studymelbourne.vic.gov.au/?toggle=intl",
  "timestamp": 1733726295508,
  "ranks": {
    "hundos": 9,
    "performance": 8,
    "accessibility": 8,
    "cumulative": 9
  },
  "lighthouse": {
    "version": "11.7.1",
    "performance": 0.42,
    "accessibility": 0.88,
    "bestPractices": 0.78,
    "seo": 0.83,
    "total": 291
  },
  "firstContentfulPaint": 2199.9894999999997,
  "firstMeaningfulPaint": 3223.924,
  "speedIndex": 10210.20537639933,
  "largestContentfulPaint": 4393.816000000001,
  "totalBlockingTime": 934.5,
  "cumulativeLayoutShift": 0.2112866007813501,
  "timeToInteractive": 10829.800000000003,
  "maxPotentialFirstInputDelay": 371,
  "timeToFirstByte": 4084.7259999999997,
  "weight": {
    "summary": "106 requests • 6.4 MiB",
    "total": 6681323,
    "image": 602002,
    "imageCount": 39,
    "script": 1003010,
    "scriptCount": 44,
    "document": 21530,
    "font": 97933,
    "fontCount": 4,
    "stylesheet": 45600,
    "stylesheetCount": 7,
    "thirdParty": 1089052,
    "thirdPartyCount": 14
  },
  "run": {
    "number": 1,
    "total": 1
  },
  "sidequests": {
    "-weight.total": 10,
    "+weight.total": 3,
    "-weight.document": 9,
    "+weight.document": 4,
    "-weight.script": 9,
    "+weight.script": 4,
    "-weight.image": 5,
    "+weight.image": 8,
    "-weight.font": 9,
    "+weight.font": 4,
    "+weight.fontCount": 4,
    "-timeToFirstByte": 9,
    "-totalBlockingTime": 11,
    "-largestContentfulPaint": 7
  },
  "axe": {
    "passes": 1199,
    "violations": 17
  }
}