{
  "url": "https://studymelbourne.vic.gov.au/?toggle=intl",
  "requestedUrl": "https://studymelbourne.vic.gov.au/?toggle=intl",
  "timestamp": 1736145323105,
  "ranks": {
    "hundos": 6,
    "performance": 5,
    "accessibility": 8,
    "cumulative": 6
  },
  "lighthouse": {
    "version": "11.7.1",
    "performance": 0.58,
    "accessibility": 0.88,
    "bestPractices": 0.78,
    "seo": 0.83,
    "total": 307
  },
  "firstContentfulPaint": 2199.9489999999996,
  "firstMeaningfulPaint": 3060.6719999999996,
  "speedIndex": 4618.196046961419,
  "largestContentfulPaint": 4383.687,
  "totalBlockingTime": 872.1154999999999,
  "cumulativeLayoutShift": 0.0781477050554099,
  "timeToInteractive": 11021.925500000001,
  "maxPotentialFirstInputDelay": 268,
  "timeToFirstByte": 32.543000000000006,
  "weight": {
    "summary": "108 requests • 7.6 MiB",
    "total": 8014175,
    "image": 721905,
    "imageCount": 39,
    "script": 1003050,
    "scriptCount": 46,
    "document": 21414,
    "font": 97971,
    "fontCount": 4,
    "stylesheet": 45558,
    "stylesheetCount": 7,
    "thirdParty": 1091648,
    "thirdPartyCount": 15
  },
  "run": {
    "number": 1,
    "total": 1
  },
  "sidequests": {
    "-weight.total": 11,
    "+weight.total": 2,
    "-weight.document": 10,
    "+weight.document": 3,
    "-weight.script": 8,
    "+weight.script": 5,
    "-weight.image": 6,
    "+weight.image": 7,
    "-weight.font": 8,
    "+weight.font": 5,
    "+weight.fontCount": 5,
    "-timeToFirstByte": 7,
    "-totalBlockingTime": 10,
    "-largestContentfulPaint": 5
  },
  "axe": {
    "passes": 1201,
    "violations": 17
  }
}